name,link,knowledgeBaseLink,helpLink
Apex,https://www.apexvs.com/,https://website-acit.github.io/acitech.org/ACT-KnowledgebaseRedirect.html,https://servicedesk.acitech.org/support/tickets/new
Canva,https://www.canva.com/login/,https://website-acit.github.io/acitech.org/ACT-KnowledgebaseRedirect.html,https://atlanticcountyinstituteofthelpdesk.freshservice.com/support/catalog/items/532
Clever,http://clever.com/in/acvsd,https://website-acit.github.io/acitech.org/ACT-KnowledgebaseRedirect.html,https://servicedesk.acitech.org/support/tickets/new
Comics Plus,https://login.librarypass.com/?library=atlanticcountyinstituteoftechnologynj&domain=librarypass.com,https://website-acit.github.io/acitech.org/ACT-KnowledgebaseRedirect.html,https://servicedesk.acitech.org/support/tickets/new
Conjuguemos,https://conjuguemos.com/auth/login,https://website-acit.github.io/acitech.org/ACT-KnowledgebaseRedirect.html,https://atlanticcountyinstituteofthelpdesk.freshservice.com/support/catalog/items/505
CrisisGO,https://crisisgo.net/index.php?r=login&w=ACITechNJ&rnd=692101647,https://servicedesk.acitech.org/support/solutions/folders/23000049983,https://servicedesk.acitech.org/support/catalog/items/413
Ebsco Database,https://search.ebscohost.com/login.aspx?authtype=sso&custid=sjrlc015&groupid=main&profile=ehost,https://website-acit.github.io/acitech.org/ACT-KnowledgebaseRedirect.html,https://atlanticcountyinstituteofthelpdesk.freshservice.com/support/catalog/items/413
Edario,https://www.edario.com/app/login,https://website-acit.github.io/acitech.org/ACT-KnowledgebaseRedirect.html,https://servicedesk.acitech.org/support/tickets/new
Edmentum,https://clever.com/oauth/instant-login?client_id=a1b0dea1b35421f32fc7&district_id=57054477dde74301000000fd,https://website-acit.github.io/acitech.org/ACT-KnowledgebaseRedirect.html,https://servicedesk.acitech.org/support/tickets/new
EdPuzzle,https://edpuzzle.com/schools/join/network/baxkf9,https://website-acit.github.io/acitech.org/ACT-KnowledgebaseRedirect.html,https://atlanticcountyinstituteofthelpdesk.freshservice.com/support/catalog/items/488
Eduready360,https://servicedesk.acitech.org/support/tickets/new,https://website-acit.github.io/acitech.org/ACT-KnowledgebaseRedirect.html,https://servicedesk.acitech.org/support/tickets/new
Embark,https://servicedesk.acitech.org/support/tickets/new,https://website-acit.github.io/acitech.org/ACT-KnowledgebaseRedirect.html,https://atlanticcountyinstituteofthelpdesk.freshservice.com/support/catalog/items/526
FitnessGram,https://myhealthyzone.fitnessgram.net/,https://website-acit.github.io/acitech.org/ACT-KnowledgebaseRedirect.html,https://servicedesk.acitech.org/support/tickets/new
Follett School (Accessit),https://servicedesk.acitech.org/support/tickets/new,https://website-acit.github.io/acitech.org/ACT-KnowledgebaseRedirect.html,https://servicedesk.acitech.org/support/tickets/new
Formative,http://formative.com/,https://website-acit.github.io/acitech.org/ACT-KnowledgebaseRedirect.html,https://servicedesk.acitech.org/support/tickets/new
Freshservice,https://servicedesk.acitech.org/login,https://servicedesk.acitech.org/support/solutions/folders/23000049979,https://atlanticcountyinstituteofthelpdesk.freshservice.com/support/catalog/items/501
Frontline,https://login.frontlineeducation.com/sso/googleappsforacitech,https://website-acit.github.io/acitech.org/ACT-KnowledgebaseRedirect.html,https://atlanticcountyinstituteofthelpdesk.freshservice.com/support/catalog/items/490
Gale: Human Anatomy Interactive,https://link.gale.com/apps/IANAT?u=mays66015,https://website-acit.github.io/acitech.org/ACT-KnowledgebaseRedirect.html,https://servicedesk.acitech.org/support/tickets/new
Gale: Opposing Viewpoints,https://go.gale.com/ps/start.do?p=OVIC&u=mays66015,https://website-acit.github.io/acitech.org/ACT-KnowledgebaseRedirect.html,https://servicedesk.acitech.org/support/tickets/new
Gale: Science,https://link.gale.com/apps/SCIC?u=mays66015,https://website-acit.github.io/acitech.org/ACT-KnowledgebaseRedirect.html,https://servicedesk.acitech.org/support/tickets/new
Gale: US History,https://link.gale.com/apps/UHIC?u=mays66015,https://website-acit.github.io/acitech.org/ACT-KnowledgebaseRedirect.html,https://servicedesk.acitech.org/support/tickets/new
Gale: World History,https://link.gale.com/apps/WHIC?u=mays66015,https://website-acit.github.io/acitech.org/ACT-KnowledgebaseRedirect.html,https://servicedesk.acitech.org/support/tickets/new
Gimkit,https://www.gimkit.com/login,https://website-acit.github.io/acitech.org/ACT-KnowledgebaseRedirect.html,https://atlanticcountyinstituteofthelpdesk.freshservice.com/support/catalog/items/491
GitHub,https://servicedesk.acitech.org/support/tickets/new,https://website-acit.github.io/acitech.org/ACT-KnowledgebaseRedirect.html,https://atlanticcountyinstituteofthelpdesk.freshservice.com/support/catalog/items/416
Hibster,https://hib.hibster.com/login.aspx,https://website-acit.github.io/acitech.org/ACT-KnowledgebaseRedirect.html,https://atlanticcountyinstituteofthelpdesk.freshservice.com/support/catalog/items/478
IXL,https://servicedesk.acitech.org/support/tickets/new,https://website-acit.github.io/acitech.org/ACT-KnowledgebaseRedirect.html,https://atlanticcountyinstituteofthelpdesk.freshservice.com/support/catalog/items/509
Jotform,https://acitech.jotform.com/myforms/,https://website-acit.github.io/acitech.org/ACT-KnowledgebaseRedirect.html,https://servicedesk.acitech.org/support/tickets/new
JStor Database,https://www.jstor.org/,https://website-acit.github.io/acitech.org/ACT-KnowledgebaseRedirect.html,https://servicedesk.acitech.org/support/tickets/new
Minecraft,https://servicedesk.acitech.org/support/tickets/new,https://website-acit.github.io/acitech.org/ACT-KnowledgebaseRedirect.html,https://atlanticcountyinstituteofthelpdesk.freshservice.com/support/catalog/items/431
Naviance,https://succeed.naviance.com/auth/signin,https://website-acit.github.io/acitech.org/ACT-KnowledgebaseRedirect.html,https://atlanticcountyinstituteofthelpdesk.freshservice.com/support/catalog/items/476
New York Times,https://myaccount.nytimes.com/verification/edupass,https://website-acit.github.io/acitech.org/ACT-KnowledgebaseRedirect.html,https://servicedesk.acitech.org/support/tickets/new
Newsela,https://newsela.com/,https://website-acit.github.io/acitech.org/ACT-KnowledgebaseRedirect.html,https://atlanticcountyinstituteofthelpdesk.freshservice.com/support/catalog/items/504
Notable,https://servicedesk.acitech.org/support/tickets/new,https://website-acit.github.io/acitech.org/ACT-KnowledgebaseRedirect.html,https://atlanticcountyinstituteofthelpdesk.freshservice.com/support/catalog/items/508
Noteflight,https://servicedesk.acitech.org/support/tickets/new,https://website-acit.github.io/acitech.org/ACT-KnowledgebaseRedirect.html,https://atlanticcountyinstituteofthelpdesk.freshservice.com/support/catalog/items/499
Padlet,https://servicedesk.acitech.org/support/tickets/new,https://website-acit.github.io/acitech.org/ACT-KnowledgebaseRedirect.html,https://atlanticcountyinstituteofthelpdesk.freshservice.com/support/catalog/items/527
PaperCut,http://papercut.acitech.org:9191/,https://website-acit.github.io/acitech.org/ACT-KnowledgebaseRedirect.html,https://atlanticcountyinstituteofthelpdesk.freshservice.com/support/catalog/items/433
Pear Deck,https://servicedesk.acitech.org/support/tickets/new,https://website-acit.github.io/acitech.org/ACT-KnowledgebaseRedirect.html,https://atlanticcountyinstituteofthelpdesk.freshservice.com/support/catalog/items/498
PrintDeploy,http://papercut.acitech.org:9191/print-deploy/client/macos,https://website-acit.github.io/acitech.org/ACT-KnowledgebaseRedirect.html,https://servicedesk.acitech.org/support/tickets/new
Quizet,https://servicedesk.acitech.org/support/tickets/new,https://website-acit.github.io/acitech.org/ACT-KnowledgebaseRedirect.html,https://atlanticcountyinstituteofthelpdesk.freshservice.com/support/catalog/items/497
Ring Central,https://service.ringcentral.com/,https://website-acit.github.io/acitech.org/ACT-KnowledgebaseRedirect.html,https://atlanticcountyinstituteofthelpdesk.freshservice.com/support/catalog/items/441
Safe Schools,https://acvsd-nj.safeschools.com/login,https://website-acit.github.io/acitech.org/ACT-KnowledgebaseRedirect.html,https://servicedesk.acitech.org/support/tickets/new
School Messenger,https://asp.schoolmessenger.com/acitech,https://website-acit.github.io/acitech.org/ACT-KnowledgebaseRedirect.html,https://atlanticcountyinstituteofthelpdesk.freshservice.com/support/catalog/items/473
SORA E-Library,https://soraapp.com/library/njssc,https://website-acit.github.io/acitech.org/ACT-KnowledgebaseRedirect.html,https://servicedesk.acitech.org/support/tickets/new
SWANK Streaming,https://digitalcampus.swankmp.net/acvsd387686,https://website-acit.github.io/acitech.org/ACT-KnowledgebaseRedirect.html,https://atlanticcountyinstituteofthelpdesk.freshservice.com/support/catalog/items/512