name,link
Student Handbook,https://docs.google.com/document/d/10kzT2hECdAMy_vALHZ6EAfke3adsIFQBYE_jvkz5r5E/edit?usp=sharing
District Video Library,https://drive.google.com/open?id=1FZp3dNyY8Jntkd0DOJlV0Aj-jWzVnfmT
Emergency Lesson Plans,https://drive.google.com/drive/folders/19NQ19cHYmxm0U7UEMiVxRq5VPWDLcMnv?usp=sharing
Floorplans,https://drive.google.com/drive/folders/1aakNavUtkZdOu1LU6O-vDP00VOuVY5Is?usp=sharing
Marking Period Dates,https://docs.google.com/spreadsheets/d/e/2PACX-1vQyZTjUjW5rCTTxFXextRF9-YYn7zU3z1DNyPci6YYUj__4fmksOJ5aB7y1Yj9SJkW8lCrPOuJBVkgk/pubhtml
Bell Schedule,https://docs.google.com/spreadsheets/d/1nph80LjMxrun3vH0hrsA6ssxZ3Sg3JiDM5fpvkv7xn0/edit?usp=sharing
Duty Schedule,https://docs.google.com/spreadsheets/d/1Icae7_mvQbYOtPLR3zvBRqy0Selr2-U_utsyPrx94OY/edit?usp=sharing
Staff Manual,https://docs.google.com/document/d/1y7Fu9Vr_3JBzoeM1pvAsiBqsp9sbRubXAOBxU8BD36A/edit
Media Center,https://na.accessit.online/ATL00/#!dashboard
Program of Study,https://drive.google.com/file/d/1Rkdzs5ZAdS6Qqu2JQHgYkAkghkeHuBy3/view?usp=sharing
After School Attendance Roster,https://docs.google.com/spreadsheets/d/1C74CtgRt3sxUmMe9N0W98CAyT8Nc4ZV94kD5mwzQJDY/edit?usp=sharing
SEL Teacher Resources,https://sticky-fog-c0f.notion.site/SEL-Teacher-Resources-8f1f370acd2446dcb72f3a70c9e73b24?pvs=4
How-To's & Presentations,https://drive.google.com/drive/folders/1lhbPtEUFhN5fxhUE6Vu9fhhffA9EsXZb?usp=drive_link